pkg;class;WMC;DIT;NOC;CBO;RFC;LCOM;Ca;NPM
com.google.android.apps.mytracks.services.sensors;com.google.android.apps.mytracks.services.sensors.ZephyrMessageParser;7;1;1;10;26;19;1;5
com.google.android.apps.mytracks.settings;com.google.android.apps.mytracks.settings.MyTracksEditTextPreference;3;4;1;6;9;3;1;2
com.google.android.apps.mytracks.settings;com.google.android.apps.mytracks.settings.SensorSettingsActivity$3;2;1;1;5;5;0;1;1
com.google.android.apps.mytracks.settings;com.google.android.apps.mytracks.settings.SensorSettingsActivity$2;2;1;1;3;4;0;1;1
com.google.android.apps.mytracks;com.google.android.apps.mytracks.TrackListActivity$2$1;2;1;1;10;13;0;1;1
com.google.android.apps.mytracks;com.google.android.apps.mytracks.TabsAdapter;8;3;1;16;32;6;1;8
com.google.android.apps.mytracks.fragments;com.google.android.apps.mytracks.fragments.ShareTrackDialogFragment$4;2;1;1;15;23;0;1;1
com.google.android.apps.mytracks.fragments;com.google.android.apps.mytracks.fragments.MarkerDetailFragment;19;2;1;40;99;89;1;10
com.google.android.apps.mytracks.fragments;com.google.android.apps.mytracks.fragments.ShareTrackDialogFragment$1;2;1;1;4;5;0;1;1
com.google.android.apps.mytracks.fragments;com.google.android.apps.mytracks.fragments.ShareTrackDialogFragment$2;2;1;1;3;6;1;1;1
com.google.android.apps.mytracks.fragments;com.google.android.apps.mytracks.fragments.ShareTrackDialogFragment$3;2;1;1;4;5;0;1;1
com.google.android.apps.mytracks;com.google.android.apps.mytracks.SearchListActivity;31;8;1;55;142;393;1;8
com.google.android.apps.mytracks;com.google.android.apps.mytracks.TrackController$1;2;1;1;4;14;0;1;1
com.google.android.apps.mytracks.content;com.google.android.apps.mytracks.content.MyTracksProvider;19;2;1;25;75;87;1;9
com.google.android.apps.mytracks.content;com.google.android.apps.mytracks.content.DataSourceManager$TracksTableObserver;2;2;1;4;6;0;1;2
com.google.android.apps.mytracks.io.gdata.maps;com.google.android.apps.mytracks.io.gdata.maps.MapsFeature;18;1;1;2;44;0;1;18
com.google.android.apps.mytracks.settings;com.google.android.apps.mytracks.settings.ActivityTypePreference;10;3;1;26;46;13;1;3
com.google.android.apps.mytracks.maps;com.google.android.apps.mytracks.maps.TrackPath;2;1;1;2;2;1;1;2
com.google.android.apps.mytracks.io.maps;com.google.android.apps.mytracks.io.maps.SendMapsActivity;5;6;1;9;17;8;1;1
com.google.android.apps.mytracks.settings;com.google.android.apps.mytracks.settings.SensorSettingsActivity$1;2;1;1;4;5;0;1;1
com.google.android.apps.mytracks.fragments;com.google.android.apps.mytracks.fragments.DeleteMarkerDialogFragment$DeleteMarkerCaller;1;1;1;0;1;0;0;1
com.google.android.apps.mytracks.util;com.google.android.apps.mytracks.util.Api14Adapter$2;3;1;1;3;5;1;1;2
com.google.android.apps.mytracks.util;com.google.android.apps.mytracks.util.Api14Adapter$1;3;1;1;3;5;1;1;2
com.google.android.apps.mytracks.fragments;com.google.android.apps.mytracks.fragments.FileTypeDialogFragment$1;2;1;1;7;8;0;1;1
com.google.android.apps.mytracks.fragments;com.google.android.apps.mytracks.fragments.MyTracksMapFragment$3;3;1;1;3;5;0;1;2
com.google.android.apps.mytracks.io.file;com.google.android.apps.mytracks.io.file.TrackFileFormat$1;2;3;1;4;4;1;1;1
com.google.android.apps.mytracks.fragments;com.google.android.apps.mytracks.fragments.MyTracksMapFragment$2;2;1;1;7;12;0;1;1
com.google.android.apps.mytracks.io.file;com.google.android.apps.mytracks.io.file.TrackFileFormat$2;2;3;1;4;4;1;1;1
com.google.android.apps.mytracks.services;com.google.android.apps.mytracks.services.TrackRecordingService$1;2;1;1;9;26;0;1;1
com.google.android.apps.mytracks.fragments;com.google.android.apps.mytracks.fragments.MyTracksMapFragment$1;3;1;1;12;20;0;1;1
com.google.android.apps.mytracks.io.file;com.google.android.apps.mytracks.io.file.TrackFileFormat$3;2;3;1;4;4;1;1;1
com.google.android.apps.mytracks.services;com.google.android.apps.mytracks.services.TrackRecordingService$2;3;1;1;5;11;0;1;1
com.google.android.apps.mytracks.io.file;com.google.android.apps.mytracks.io.file.TrackFileFormat$4;2;3;1;4;4;1;1;1
com.google.android.apps.mytracks.services;com.google.android.apps.mytracks.services.TrackRecordingService$3;3;1;1;5;7;1;1;2
com.google.android.apps.mytracks.stats;com.google.android.apps.mytracks.stats.TripStatisticsUpdater;13;1;1;7;54;0;1;7
com.google.android.apps.mytracks;com.google.android.apps.mytracks.TrackDetailActivity;40;8;1;61;167;514;1;14
com.google.android.apps.mytracks.services;com.google.android.apps.mytracks.services.TrackRecordingService$4;2;1;1;3;3;1;1;1
com.google.android.apps.mytracks.services;com.google.android.apps.mytracks.services.TrackRecordingService$5;2;1;1;2;8;0;1;1
com.google.android.apps.mytracks.services;com.google.android.apps.mytracks.services.TrackRecordingService$6;2;1;1;7;14;0;1;1
com.google.android.apps.mytracks.fragments;com.google.android.apps.mytracks.fragments.MyTracksMapFragment$9;3;1;1;8;12;0;1;1
com.google.android.apps.mytracks.io.spreadsheets;com.google.android.apps.mytracks.io.spreadsheets.SendSpreadsheetsUtils;5;1;1;0;11;2;0;3
com.google.android.apps.mytracks.fragments;com.google.android.apps.mytracks.fragments.ChooseAccountDialogFragment$ChooseAccountCaller;1;1;1;0;1;0;0;1
com.google.android.apps.mytracks.fragments;com.google.android.apps.mytracks.fragments.MyTracksMapFragment$8;2;1;1;7;16;0;1;1
com.google.android.apps.mytracks.fragments;com.google.android.apps.mytracks.fragments.MyTracksMapFragment$7;2;1;1;2;6;0;1;1
com.google.android.apps.mytracks.fragments;com.google.android.apps.mytracks.fragments.MyTracksMapFragment$6;2;1;1;5;10;0;1;1
com.google.android.apps.mytracks;com.google.android.apps.mytracks.BootReceiver;3;2;1;5;15;1;1;2
com.google.android.apps.mytracks.fragments;com.google.android.apps.mytracks.fragments.MyTracksMapFragment$5;2;1;1;6;16;0;1;1
com.google.android.apps.mytracks.fragments;com.google.android.apps.mytracks.fragments.MyTracksMapFragment$4;2;1;1;4;8;0;1;1
com.google.android.apps.mytracks.util;com.google.android.apps.mytracks.util.Api16Adapter;5;6;1;5;12;10;1;4
com.google.android.apps.mytracks.io.gdata;com.google.android.apps.mytracks.io.gdata.AndroidGDataClient$GetRequestCreator;3;1;1;3;5;3;1;1
com.google.android.apps.mytracks.io.file;com.google.android.apps.mytracks.io.file.TrackFileFormat$5;5;1;1;3;6;10;1;4
com.google.android.apps.mytracks.content;com.google.android.apps.mytracks.content.SearchEngine;13;1;1;10;58;70;1;2
com.google.android.apps.mytracks.util;com.google.android.apps.mytracks.util.ApiAdapter;23;1;1;14;23;253;1;23
com.google.android.apps.mytracks.fragments;com.google.android.apps.mytracks.fragments.ExportDialogFragment$ExportType;4;2;1;0;7;4;0;2
com.google.android.apps.mytracks.io.file;com.google.android.apps.mytracks.io.file.TrackFileFormat;10;2;1;10;25;43;1;7
com.google.android.apps.mytracks.io.gdata.maps;com.google.android.apps.mytracks.io.gdata.maps.XmlMapsGDataParserFactory;6;1;1;13;13;3;1;4
com.google.android.apps.mytracks.maps;com.google.android.apps.mytracks.maps.FixedSpeedTrackPathDescriptor;9;1;1;6;14;22;1;4
com.google.android.apps.mytracks.fragments;com.google.android.apps.mytracks.fragments.ExportDialogFragment$2;3;1;1;8;13;1;1;2
com.google.android.apps.mytracks.fragments;com.google.android.apps.mytracks.fragments.ExportDialogFragment$1;2;1;1;13;22;0;1;1
com.google.android.apps.mytracks.io.gdata.maps;com.google.android.apps.mytracks.io.gdata.maps.MapFeatureEntry;6;0;1;1;10;0;1;6
com.google.android.apps.mytracks.fragments;com.google.android.apps.mytracks.fragments.MarkerDetailFragment$1$1;4;1;1;6;10;4;1;3
com.google.android.apps.mytracks.fragments;com.google.android.apps.mytracks.fragments.ChooseActivityDialogFragment$ChooseActivityCaller;1;1;1;0;1;0;0;1
com.google.android.apps.mytracks.fragments;com.google.android.apps.mytracks.fragments.PlayMultipleDialogFragment$1;2;1;1;7;8;0;1;1
com.google.android.apps.mytracks.maps;com.google.android.apps.mytracks.maps.DynamicSpeedTrackPathDescriptor;11;1;1;6;20;15;1;4
com.google.android.apps.mytracks;com.google.android.apps.mytracks.Constants;1;1;1;0;2;0;0;0
com.google.android.apps.mytracks.fragments;com.google.android.apps.mytracks.fragments.MyTracksMapFragment$1$2;2;1;1;4;7;0;1;1
com.google.android.apps.mytracks.fragments;com.google.android.apps.mytracks.fragments.MyTracksMapFragment$1$1;2;1;1;4;7;0;1;1
com.google.android.apps.mytracks.io.sendtogoogle;com.google.android.apps.mytracks.io.sendtogoogle.UploadResultActivity;6;6;1;25;50;5;1;2
com.google.android.apps.mytracks.services.sensors;com.google.android.apps.mytracks.services.sensors.BluetoothSensorManager;13;2;1;14;43;28;1;4
com.google.android.apps.mytracks.fragments;com.google.android.apps.mytracks.fragments.ConfirmSyncDialogFragment$2;2;1;1;4;5;0;1;1
com.google.android.apps.mytracks.fragments;com.google.android.apps.mytracks.fragments.ConfirmSyncDialogFragment$1;2;1;1;4;5;0;1;1
com.google.android.apps.mytracks.content;com.google.android.apps.mytracks.content.TrackDataManager;8;1;1;3;29;0;1;7
com.google.android.apps.mytracks.settings;com.google.android.apps.mytracks.settings.ActivityTypePreference$3;2;1;1;5;6;0;1;1
com.google.android.apps.mytracks.settings;com.google.android.apps.mytracks.settings.ActivityTypePreference$2;2;1;1;8;10;0;1;1
com.google.android.apps.mytracks.settings;com.google.android.apps.mytracks.settings.ActivityTypePreference$4;2;1;1;5;5;0;1;1
com.google.android.apps.mytracks.fragments;com.google.android.apps.mytracks.fragments.AbstractMyTracksDialogFragment;3;3;1;5;6;3;1;2
com.google.android.apps.mytracks.fragments;com.google.android.apps.mytracks.fragments.ChooseActivityDialogFragment$1;2;3;1;12;17;0;1;1
com.google.android.apps.mytracks.settings;com.google.android.apps.mytracks.settings.ActivityTypePreference$1;2;1;1;9;10;0;1;1
com.google.android.apps.mytracks.util;com.google.android.apps.mytracks.util.DialogUtils;6;1;1;18;39;15;1;4
com.google.android.apps.mytracks.fragments;com.google.android.apps.mytracks.fragments.ChooseActivityDialogFragment$2;2;1;1;10;9;0;1;1
com.google.android.apps.mytracks.fragments;com.google.android.apps.mytracks.fragments.ShareTrackDialogFragment;12;4;1;35;55;54;1;3
com.google.android.apps.mytracks.io.file.importer;com.google.android.apps.mytracks.io.file.importer.AbstractFileTrackImporter$TrackData;2;1;1;4;5;1;1;0
com.google.android.apps.mytracks.util;com.google.android.apps.mytracks.util.PhotoUtils;4;1;1;4;14;6;1;2
com.google.android.apps.mytracks.fragments;com.google.android.apps.mytracks.fragments.ConfirmDeleteDialogFragment$ConfirmDeleteCaller;1;1;1;0;1;0;0;1
com.google.android.apps.mytracks.services;com.google.android.apps.mytracks.services.TrackRecordingServiceConnection$1;2;1;1;4;6;0;1;1
com.google.android.apps.mytracks.util;com.google.android.apps.mytracks.util.PreferencesUtils;20;1;1;9;47;188;1;18
com.google.android.apps.mytracks;com.google.android.apps.mytracks.TrackListActivity$1$1;2;1;1;3;8;0;1;1
com.google.android.apps.mytracks.services.sensors;com.google.android.apps.mytracks.services.sensors.PolarMessageParser;6;1;1;6;15;13;1;5
com.google.android.apps.mytracks.io.drive;com.google.android.apps.mytracks.io.drive.SendDriveActivity;5;6;1;9;20;4;1;1
com.google.android.apps.mytracks.services;com.google.android.apps.mytracks.services.ControlRecordingService;10;5;1;10;29;11;1;5
com.google.android.apps.mytracks.io.sendtogoogle;com.google.android.apps.mytracks.io.sendtogoogle.AbstractSendAsyncTask;13;2;1;2;21;56;1;2
com.google.android.apps.mytracks;com.google.android.apps.mytracks.MarkerListActivity;21;7;1;40;78;160;1;8
com.google.android.apps.mytracks.util;com.google.android.apps.mytracks.util.TrackNameUtils;3;1;1;8;31;3;1;1
com.google.android.apps.mytracks;com.google.android.apps.mytracks.ContextualActionModeCallback;2;1;1;1;2;1;1;2
com.google.android.apps.mytracks.io.gdata;com.google.android.apps.mytracks.io.gdata.AndroidGDataClient$PostRequestCreator;2;1;1;4;6;0;1;2
com.google.android.apps.mytracks.fragments;com.google.android.apps.mytracks.fragments.DeleteMarkerDialogFragment$1;3;1;1;5;7;0;1;1
com.google.android.apps.mytracks;com.google.android.apps.mytracks.ChartView;51;2;1;26;161;693;1;21
com.google.android.apps.mytracks.services;com.google.android.apps.mytracks.services.TrackRecordingServiceConnection$2;3;1;1;9;11;0;1;2
com.google.android.apps.mytracks.services;com.google.android.apps.mytracks.services.AdaptiveLocationListenerPolicy;4;1;1;1;7;0;1;4
com.google.android.apps.mytracks.io.spreadsheets;com.google.android.apps.mytracks.io.spreadsheets.SendSpreadsheetsAsyncTask;8;3;1;42;92;14;1;1
com.google.android.apps.mytracks.services.sensors.ant;com.google.android.apps.mytracks.services.sensors.ant.AntSensorManager;35;2;1;28;95;377;1;3
com.google.android.apps.mytracks;com.google.android.apps.mytracks.ChartValueSeries;18;1;1;9;42;103;1;15
com.google.android.apps.mytracks.services.sensors.ant;com.google.android.apps.mytracks.services.sensors.ant.AntSensorManager$2;2;2;1;7;17;0;1;1
com.google.android.apps.mytracks.services;com.google.android.apps.mytracks.services.TrackRecordingService$ServiceBinder;23;3;1;17;55;0;1;20
com.google.android.apps.mytracks.settings;com.google.android.apps.mytracks.settings.MyTracksListPreference;3;4;1;6;9;3;1;2
com.google.android.apps.mytracks.services.sensors.ant;com.google.android.apps.mytracks.services.sensors.ant.AntSensorManager$1;3;1;1;5;17;0;1;2
com.google.android.apps.mytracks.services.sensors.ant;com.google.android.apps.mytracks.services.sensors.ant.AntSensorManager$3;3;2;1;13;44;0;1;1
com.google.android.apps.mytracks.settings;com.google.android.apps.mytracks.settings.StatsSettingsActivity$1;2;1;1;3;5;0;1;1
com.google.android.apps.mytracks.settings;com.google.android.apps.mytracks.settings.SettingsActivity$2;2;1;1;6;4;0;1;1
com.google.android.apps.mytracks.settings;com.google.android.apps.mytracks.settings.SettingsActivity$3;2;1;1;7;8;0;1;1
com.google.android.apps.mytracks.settings;com.google.android.apps.mytracks.settings.SettingsActivity$1;2;1;1;7;9;0;1;1
com.google.android.apps.mytracks.settings;com.google.android.apps.mytracks.settings.SettingsActivity$6;2;1;1;6;5;0;1;1
com.google.android.apps.mytracks.settings;com.google.android.apps.mytracks.settings.SettingsActivity$4;2;1;1;6;4;0;1;1
com.google.android.apps.mytracks.settings;com.google.android.apps.mytracks.settings.SettingsActivity$5;2;1;1;8;8;0;1;1
com.google.android.apps.mytracks;com.google.android.apps.mytracks.DeleteActivity;7;5;1;11;21;15;1;5
com.google.android.apps.mytracks;com.google.android.apps.mytracks.MarkerListActivity$2$1;2;1;1;5;6;0;1;1
com.google.android.apps.mytracks.services.sensors;com.google.android.apps.mytracks.services.sensors.SensorManagerFactory;7;1;1;7;17;5;1;4
com.google.android.apps.mytracks.util;com.google.android.apps.mytracks.util.Api19Adapter;2;8;1;1;3;1;1;2
com.google.android.apps.mytracks.io.maps;com.google.android.apps.mytracks.io.maps.SendMapsUtils;8;1;1;12;40;8;1;4
com.google.android.apps.mytracks.services;com.google.android.apps.mytracks.services.MyTracksLocationManager$3;2;1;1;5;8;0;1;1
com.google.android.apps.mytracks.fragments;com.google.android.apps.mytracks.fragments.ChooseAccountDialogFragment;7;4;1;16;32;3;1;4
com.google.android.apps.mytracks.services;com.google.android.apps.mytracks.services.MyTracksLocationManager$4;2;1;1;4;8;0;1;1
com.google.android.apps.mytracks.io.file.exporter;com.google.android.apps.mytracks.io.file.exporter.TrackExporter;1;1;1;0;1;0;0;1
com.google.android.apps.mytracks.services;com.google.android.apps.mytracks.services.MyTracksLocationManager$5;2;1;1;3;7;0;1;1
com.google.android.apps.mytracks.services.sensors.ant;com.google.android.apps.mytracks.services.sensors.ant.CombinedBikeChannelConfiguration;5;2;1;3;9;8;1;5
com.google.android.apps.mytracks.services;com.google.android.apps.mytracks.services.MyTracksLocationManager$1;4;1;1;5;8;0;1;2
com.google.android.apps.mytracks.content;com.google.android.apps.mytracks.content.SearchEngine$SearchQuery;1;1;1;1;4;0;1;1
com.google.android.apps.mytracks.services;com.google.android.apps.mytracks.services.MyTracksLocationManager$2;2;1;1;3;3;1;1;1
com.google.android.apps.mytracks.fragments;com.google.android.apps.mytracks.fragments.ExportDialogFragment;18;4;1;28;70;131;1;3
com.google.android.apps.mytracks.io.sync;com.google.android.apps.mytracks.io.sync.SyncUtils;21;1;1;38;117;198;1;15
com.google.android.apps.mytracks.fragments;com.google.android.apps.mytracks.fragments.FrequencyDialogFragment;7;4;1;12;26;21;1;2
com.google.android.apps.mytracks.io.gdata.maps;com.google.android.apps.mytracks.io.gdata.maps.XmlMapsGDataParser;6;0;1;8;40;15;1;1
com.google.android.apps.mytracks.util;com.google.android.apps.mytracks.util.ChartsExtendedEncoder;4;1;1;0;12;4;0;2
com.google.android.apps.mytracks.util;com.google.android.apps.mytracks.util.GoogleEarthUtils;4;1;1;10;26;4;1;2
com.google.android.apps.mytracks.util;com.google.android.apps.mytracks.util.TrackIconUtils;12;1;1;13;42;50;1;8
com.google.android.apps.mytracks.io.file.importer;com.google.android.apps.mytracks.io.file.importer.ImportAsyncTask;13;2;1;17;54;22;1;2
com.google.android.apps.mytracks.io.file.importer;com.google.android.apps.mytracks.io.file.importer.ImportActivity$2;2;1;1;3;5;0;1;1
com.google.android.apps.mytracks.io.file.importer;com.google.android.apps.mytracks.io.file.importer.ImportActivity$1;2;1;1;4;6;0;1;1
com.google.android.apps.mytracks.content;com.google.android.apps.mytracks.content.TrackDataListener;14;1;1;3;14;91;1;14
com.google.android.apps.mytracks.fragments;com.google.android.apps.mytracks.fragments.ChartFragment$6;2;1;1;2;6;0;1;1
com.google.android.apps.mytracks.fragments;com.google.android.apps.mytracks.fragments.InstallEarthDialogFragment;2;4;1;8;11;1;1;1
com.google.android.apps.mytracks.services.sensors.ant;com.google.android.apps.mytracks.services.sensors.ant.ChannelConfiguration;13;1;1;2;14;54;1;13
com.google.android.apps.mytracks.fragments;com.google.android.apps.mytracks.fragments.ChartFragment$3;2;1;1;3;4;0;1;1
com.google.android.apps.mytracks.fragments;com.google.android.apps.mytracks.fragments.ChartFragment$2;2;1;1;3;4;0;1;1
com.google.android.apps.mytracks.io.gdata.maps;com.google.android.apps.mytracks.io.gdata.maps.MapsConstants;1;1;1;0;2;0;0;0
com.google.android.apps.mytracks.settings;com.google.android.apps.mytracks.settings.ChartSettingsActivity;5;8;1;9;17;10;1;1
com.google.android.apps.mytracks.fragments;com.google.android.apps.mytracks.fragments.ChartFragment$5;2;1;1;2;6;0;1;1
com.google.android.apps.mytracks.fragments;com.google.android.apps.mytracks.fragments.ChartFragment$4;2;1;1;2;6;0;1;1
com.google.android.apps.mytracks.content;com.google.android.apps.mytracks.content.DataSourceManager$TrackPointsTableObserver;2;2;1;4;6;0;1;2
com.google.android.apps.mytracks.fragments;com.google.android.apps.mytracks.fragments.ChartFragment$1;2;1;1;4;14;0;1;1
com.google.android.apps.mytracks.util;com.google.android.apps.mytracks.util.GoogleFeedbackUtils;4;1;1;4;9;4;1;1
com.google.android.apps.mytracks.io.file.importer;com.google.android.apps.mytracks.io.file.importer.ImportActivity$4;2;1;1;6;4;0;1;1
com.google.android.apps.mytracks.io.file.importer;com.google.android.apps.mytracks.io.file.importer.ImportActivity$3;2;1;1;7;15;0;1;1
com.google.android.apps.mytracks.fragments;com.google.android.apps.mytracks.fragments.MarkerDetailFragment$2;2;1;1;6;12;0;1;1
com.google.android.apps.mytracks.fragments;com.google.android.apps.mytracks.fragments.MarkerDetailFragment$1;3;1;1;9;12;0;1;1
com.google.android.apps.mytracks.fragments;com.google.android.apps.mytracks.fragments.MapLayerDialogFragment;5;4;1;9;16;2;1;1
com.google.android.apps.mytracks.services.tasks;com.google.android.apps.mytracks.services.tasks.AnnouncementPeriodicTask;19;1;1;18;57;75;1;4
com.google.android.apps.mytracks.util;com.google.android.apps.mytracks.util.IntentUtils;4;1;1;10;24;6;1;3
com.google.android.apps.mytracks.util;com.google.android.apps.mytracks.util.BluetoothDeviceUtils;2;1;1;3;13;1;1;1
com.google.android.apps.mytracks.services;com.google.android.apps.mytracks.services.LocationListenerPolicy;3;1;1;0;3;3;0;3
com.google.android.apps.mytracks.services.tasks;com.google.android.apps.mytracks.services.tasks.TimerTaskExecutor;5;1;1;4;21;0;1;3
com.google.android.apps.mytracks;com.google.android.apps.mytracks.MarkerDetailActivity$MarkerDetailPagerAdapter;3;3;1;5;11;0;1;3
com.google.android.apps.mytracks.content;com.google.android.apps.mytracks.content.SearchEngineProvider;2;3;1;3;5;1;1;2
com.google.android.apps.mytracks;com.google.android.apps.mytracks.MarkerListActivity$3;2;1;1;7;6;0;1;1
com.google.android.apps.mytracks.fragments;com.google.android.apps.mytracks.fragments.ChooseActivityTypeDialogFragment$ChooseActivityTypeCaller;1;1;1;0;1;0;0;1
com.google.android.apps.mytracks;com.google.android.apps.mytracks.MarkerListActivity$2;3;1;1;6;12;0;1;1
com.google.android.apps.mytracks.content;com.google.android.apps.mytracks.content.DataSourceManager;9;1;1;15;38;22;1;3
com.google.android.apps.mytracks;com.google.android.apps.mytracks.MarkerListActivity$1;3;1;1;5;9;0;1;2
com.google.android.apps.mytracks.io.file.importer;com.google.android.apps.mytracks.io.file.importer.GpxFileTrackImporter;12;3;1;6;28;52;1;6
com.google.android.apps.mytracks;com.google.android.apps.mytracks.MarkerListActivity$5;5;1;1;11;13;0;1;4
com.google.android.apps.mytracks;com.google.android.apps.mytracks.MarkerListActivity$4;2;4;1;8;10;0;1;1
com.google.android.apps.mytracks;com.google.android.apps.mytracks.MarkerEditActivity$2;2;1;1;9;18;0;1;1
com.google.android.apps.mytracks;com.google.android.apps.mytracks.MarkerEditActivity$1;2;1;1;3;4;0;1;1
com.google.android.apps.mytracks.io.file.exporter;com.google.android.apps.mytracks.io.file.exporter.FileTrackExporter$TrackWriterLocationFactory;4;1;1;4;7;4;1;2
com.google.android.apps.mytracks.io.file.exporter;com.google.android.apps.mytracks.io.file.exporter.SaveAsyncTask$1;2;1;1;2;6;0;1;1
com.google.android.apps.mytracks.fragments;com.google.android.apps.mytracks.fragments.MyTracksMapFragment;56;0;1;62;171;1338;1;23
com.google.android.apps.mytracks;com.google.android.apps.mytracks.SensorStateActivity$1;2;1;1;6;13;0;1;1
com.google.android.apps.mytracks.fragments;com.google.android.apps.mytracks.fragments.FrequencyDialogFragment$1;2;1;1;8;8;0;1;1
com.google.android.apps.mytracks;com.google.android.apps.mytracks.HelpActivity$1;2;1;1;5;4;0;1;1
com.google.android.apps.mytracks.services.sensors.ant;com.google.android.apps.mytracks.services.sensors.ant.CadenceCounter$CadenceData;2;1;1;0;3;1;0;0
com.google.android.apps.mytracks.services.sensors.ant;com.google.android.apps.mytracks.services.sensors.ant.AntSensorValue;5;1;1;0;6;0;0;5
com.google.android.apps.mytracks.services.tasks;com.google.android.apps.mytracks.services.tasks.PeriodicTaskFactory;1;1;1;2;1;0;1;1
com.google.android.apps.mytracks.fragments;com.google.android.apps.mytracks.fragments.ChooseActivityTypeImageAdapter;7;2;1;5;18;5;1;7
com.google.android.apps.mytracks;com.google.android.apps.mytracks.TrackController;15;1;1;13;39;49;1;6
com.google.android.apps.mytracks;com.google.android.apps.mytracks.DeleteActivity$1;2;1;1;4;7;0;1;1
com.google.android.apps.mytracks.io.file.exporter;com.google.android.apps.mytracks.io.file.exporter.KmzTrackExporter;7;1;1;14;47;9;1;2
com.google.android.apps.mytracks.fragments;com.google.android.apps.mytracks.fragments.FileTypeDialogFragment;5;4;1;13;32;8;1;3
com.google.android.apps.mytracks.maps;com.google.android.apps.mytracks.maps.TrackPathUtils;2;1;1;3;16;1;1;1
com.google.android.apps.mytracks.fragments;com.google.android.apps.mytracks.fragments.AbstractMyTracksDialogFragment$1;2;1;1;7;5;0;1;1
com.google.android.apps.mytracks.io.file.exporter;com.google.android.apps.mytracks.io.file.exporter.KmlTrackWriter;26;1;1;18;95;0;1;16
com.google.android.apps.mytracks.io.fusiontables;com.google.android.apps.mytracks.io.fusiontables.SendFusionTablesActivity;5;6;1;9;16;8;1;1
com.google.android.apps.mytracks.services.tasks;com.google.android.apps.mytracks.services.tasks.AnnouncementPeriodicTask$2;2;2;1;3;8;0;1;1
com.google.android.apps.mytracks.services.tasks;com.google.android.apps.mytracks.services.tasks.AnnouncementPeriodicTask$3;2;1;1;2;4;0;1;1
com.google.android.apps.mytracks.services;com.google.android.apps.mytracks.services.MyTracksLocationManager$1$1;2;1;1;8;21;0;1;1
com.google.android.apps.mytracks.util;com.google.android.apps.mytracks.util.CalorieUtils;8;1;1;15;42;28;1;3
com.google.android.apps.mytracks.io.sendtogoogle;com.google.android.apps.mytracks.io.sendtogoogle.UploadResultActivity$4;2;1;1;6;5;0;1;1
com.google.android.apps.mytracks.settings;com.google.android.apps.mytracks.settings.AbstractSettingsActivity;8;7;1;15;32;26;1;2
com.google.android.apps.mytracks.io.sendtogoogle;com.google.android.apps.mytracks.io.sendtogoogle.UploadResultActivity$2;2;1;1;3;4;0;1;1
com.google.android.apps.mytracks.fragments;com.google.android.apps.mytracks.fragments.StatsFragment;35;2;1;33;69;499;1;19
com.google.android.apps.mytracks.io.sendtogoogle;com.google.android.apps.mytracks.io.sendtogoogle.UploadResultActivity$3;2;1;1;5;6;0;1;1
com.google.android.apps.mytracks.content;com.google.android.apps.mytracks.content.SearchEngine$ScoredResult;3;1;1;2;11;0;1;1
com.google.android.apps.mytracks.io.sendtogoogle;com.google.android.apps.mytracks.io.sendtogoogle.UploadResultActivity$1;2;1;1;3;4;0;1;1
com.google.android.apps.mytracks.services.tasks;com.google.android.apps.mytracks.services.tasks.CheckPermissionAsyncTask;9;2;1;11;19;20;1;2
com.google.android.apps.mytracks.services.sensors.ant;com.google.android.apps.mytracks.services.sensors.ant.AntSensorManager$ChannelStates;4;2;1;0;7;4;0;2
com.google.android.apps.mytracks.fragments;com.google.android.apps.mytracks.fragments.DeleteMarkerDialogFragment$1$1;2;1;1;9;9;0;1;1
com.google.android.apps.mytracks;com.google.android.apps.mytracks.DeleteAsyncTask;7;2;1;8;24;7;1;2
com.google.android.apps.mytracks.services.sensors;com.google.android.apps.mytracks.services.sensors.SensorUtils;7;1;1;2;11;21;1;4
com.google.android.apps.mytracks.settings;com.google.android.apps.mytracks.settings.AdvancedSettingsActivity;15;8;1;21;47;73;1;1
com.google.android.apps.mytracks.util;com.google.android.apps.mytracks.util.Api14Adapter;5;5;1;11;16;10;1;5
com.google.android.apps.mytracks.util;com.google.android.apps.mytracks.util.TrackRecordingServiceConnectionUtils;10;1;1;13;40;15;1;7
com.google.android.apps.mytracks.io.maps;com.google.android.apps.mytracks.io.maps.SendMapsAsyncTask;16;3;1;37;87;14;1;2
com.google.android.apps.mytracks.settings;com.google.android.apps.mytracks.settings.AbstractSettingsActivity$1;2;1;1;3;5;0;1;1
com.google.android.apps.mytracks.content;com.google.android.apps.mytracks.content.DescriptionGeneratorImpl;11;1;1;6;44;0;1;3
com.google.android.apps.mytracks;com.google.android.apps.mytracks.MarkerDetailActivity;6;7;1;16;33;11;1;2
com.google.android.apps.mytracks.util;com.google.android.apps.mytracks.util.EulaUtils;7;1;1;5;14;21;1;4
com.google.android.apps.mytracks.util;com.google.android.apps.mytracks.util.GoogleFeedbackUtils$1;3;1;1;7;8;3;1;2
com.google.android.apps.mytracks.services.sensors;com.google.android.apps.mytracks.services.sensors.BluetoothConnectionManager$ConnectThread;3;2;1;8;22;0;1;3
com.google.android.apps.mytracks.services;com.google.android.apps.mytracks.services.ActivityRecognitionIntentService;2;5;1;6;13;1;1;1
com.google.android.apps.mytracks.util;com.google.android.apps.mytracks.util.ApiAdapterFactory;2;1;1;10;11;1;1;2
com.google.android.apps.mytracks.services.tasks;com.google.android.apps.mytracks.services.tasks.AnnouncementPeriodicTask$1;2;1;1;5;7;0;1;1
com.google.android.apps.mytracks.io.file.importer;com.google.android.apps.mytracks.io.file.importer.AbstractFileTrackImporter;20;2;1;22;136;70;1;3
com.google.android.apps.mytracks;com.google.android.apps.mytracks.SearchListActivity$5$1;2;2;1;4;7;0;1;1
com.google.android.apps.mytracks.util;com.google.android.apps.mytracks.util.AnalyticsUtils;3;1;1;3;10;1;1;2
com.google.android.apps.mytracks.widgets;com.google.android.apps.mytracks.widgets.TrackWidgetProvider;19;3;1;20;80;169;1;6
com.google.android.apps.mytracks.io.gdata.maps;com.google.android.apps.mytracks.io.gdata.maps.XmlMapsGDataSerializer;14;0;1;8;52;81;1;3
com.google.android.apps.mytracks.io.fusiontables;com.google.android.apps.mytracks.io.fusiontables.SendFusionTablesAsyncTask;15;3;1;59;118;75;1;1
com.google.android.apps.mytracks.content;com.google.android.apps.mytracks.content.MyTracksProvider$UrlType;4;2;1;0;7;4;0;2
com.google.android.apps.mytracks.io.file.exporter;com.google.android.apps.mytracks.io.file.exporter.TrackExporterListener;1;1;1;0;1;0;0;1
com.google.android.apps.mytracks;com.google.android.apps.mytracks.TabsAdapter$TabInfo;3;1;1;1;4;0;1;1
com.google.android.apps.mytracks.settings;com.google.android.apps.mytracks.settings.IntegerListPreference;7;5;1;3;17;21;1;4
com.google.android.apps.mytracks.settings;com.google.android.apps.mytracks.settings.MapSettingsActivity;18;8;1;19;52;135;1;1
com.google.android.apps.mytracks.fragments;com.google.android.apps.mytracks.fragments.MyTracksMapFragment$11;2;1;1;7;7;0;1;1
com.google.android.apps.mytracks.io.file.exporter;com.google.android.apps.mytracks.io.file.exporter.SaveActivity;11;5;1;25;63;31;1;6
com.google.android.apps.mytracks.widgets;com.google.android.apps.mytracks.widgets.TrackWidgetConfigActivity;9;5;1;12;32;26;1;1
com.google.android.apps.mytracks.maps;com.google.android.apps.mytracks.maps.FixedSpeedTrackPathDescriptor$1;2;1;1;5;12;0;1;1
com.google.android.apps.mytracks.services.tasks;com.google.android.apps.mytracks.services.tasks.TimerTaskExecutor$1;2;2;1;3;6;0;1;1
com.google.android.apps.mytracks.fragments;com.google.android.apps.mytracks.fragments.MyTracksMapFragment$10;2;1;1;11;15;0;1;1
com.google.android.apps.mytracks.settings;com.google.android.apps.mytracks.settings.SettingsActivity;15;8;1;29;55;79;1;3
com.google.android.apps.mytracks.io.gdata;com.google.android.apps.mytracks.io.gdata.AndroidGDataClient$MediaPutRequestCreator;2;1;1;5;8;0;1;2
com.google.android.apps.mytracks.services.tasks;com.google.android.apps.mytracks.services.tasks.SplitPeriodicTask;4;1;1;3;6;6;1;4
com.google.android.apps.mytracks.services;com.google.android.apps.mytracks.services.MyTracksLocationManager$GoogleSettingsObserver;2;2;1;5;6;0;1;2
com.google.android.apps.mytracks.fragments;com.google.android.apps.mytracks.fragments.ConfirmSyncDialogFragment$ConfirmSyncCaller;1;1;1;0;1;0;0;1
com.google.android.apps.mytracks.settings;com.google.android.apps.mytracks.settings.SensorSettingsActivity;8;8;1;16;39;28;1;1
com.google.android.apps.mytracks;com.google.android.apps.mytracks.AggregatedStatsActivity;4;7;1;12;18;6;1;1
com.google.android.apps.mytracks.io.sendtogoogle;com.google.android.apps.mytracks.io.sendtogoogle.SendRequest$1;5;1;1;3;5;10;1;4
com.google.android.apps.mytracks.fragments;com.google.android.apps.mytracks.fragments.ChooseActivityTypeDialogFragment;9;3;1;29;61;34;1;5
com.google.android.apps.mytracks.io.sendtogoogle;com.google.android.apps.mytracks.io.sendtogoogle.SendRequest;33;1;1;5;43;334;1;30
com.google.android.apps.mytracks;com.google.android.apps.mytracks.TrackListActivity$1;3;1;1;10;23;0;1;1
com.google.android.apps.mytracks;com.google.android.apps.mytracks.TrackListActivity$2;3;1;1;7;18;0;1;1
com.google.android.apps.mytracks.maps;com.google.android.apps.mytracks.maps.MultiColorTrackPath;7;1;1;10;24;0;1;3
com.google.android.apps.mytracks;com.google.android.apps.mytracks.TrackListActivity$3;3;1;1;6;11;0;1;2
com.google.android.apps.mytracks;com.google.android.apps.mytracks.TrackListActivity$4;2;1;1;8;13;0;1;1
com.google.android.apps.mytracks;com.google.android.apps.mytracks.TrackListActivity$5;2;1;1;7;7;0;1;1
com.google.android.apps.mytracks;com.google.android.apps.mytracks.TrackListActivity$6;5;1;1;11;10;0;1;4
com.google.android.apps.mytracks;com.google.android.apps.mytracks.TrackListActivity$7;2;1;1;3;5;0;1;1
com.google.android.apps.mytracks;com.google.android.apps.mytracks.TrackListActivity$8;2;1;1;7;6;0;1;1
com.google.android.apps.mytracks;com.google.android.apps.mytracks.TrackListActivity$9;2;5;1;10;18;0;1;1
com.google.android.apps.mytracks.services;com.google.android.apps.mytracks.services.TrackRecordingServiceConnection;12;1;1;11;27;38;1;6
com.google.android.apps.mytracks.io.file.exporter;com.google.android.apps.mytracks.io.file.exporter.SaveAsyncTask;15;2;1;19;62;35;1;2
com.google.android.apps.mytracks.io.spreadsheets;com.google.android.apps.mytracks.io.spreadsheets.SendSpreadsheetsActivity;4;6;1;9;14;4;1;1
com.google.android.apps.mytracks.util;com.google.android.apps.mytracks.util.Api9Adapter;8;2;1;11;25;26;1;7
com.google.android.apps.mytracks.content;com.google.android.apps.mytracks.content.DataSourceManager$PreferenceListener;3;1;1;4;6;1;1;1
com.google.android.apps.mytracks.fragments;com.google.android.apps.mytracks.fragments.ChartFragment;43;2;1;33;114;569;1;21
com.google.android.apps.mytracks.services.sensors;com.google.android.apps.mytracks.services.sensors.PolarSensorManager;1;3;1;4;3;0;1;1
com.google.android.apps.mytracks.fragments;com.google.android.apps.mytracks.fragments.StatsFragment$7;2;1;1;2;6;0;1;1
com.google.android.apps.mytracks.util;com.google.android.apps.mytracks.util.GoogleLocationUtils;10;1;1;10;28;43;1;4
com.google.android.apps.mytracks.fragments;com.google.android.apps.mytracks.fragments.StatsFragment$6;2;1;1;2;6;0;1;1
com.google.android.apps.mytracks.fragments;com.google.android.apps.mytracks.fragments.StatsFragment$5;2;1;1;8;14;0;1;1
com.google.android.apps.mytracks.services.sensors;com.google.android.apps.mytracks.services.sensors.BluetoothConnectionManager;15;1;1;11;34;75;1;4
com.google.android.apps.mytracks.util;com.google.android.apps.mytracks.util.StringUtils;20;1;1;7;68;186;1;17
com.google.android.apps.mytracks.settings;com.google.android.apps.mytracks.settings.AdvancedSettingsActivity$1$1;2;1;1;2;5;0;1;1
com.google.android.apps.mytracks.services.tasks;com.google.android.apps.mytracks.services.tasks.BitmapLoader;9;2;1;10;31;16;1;2
com.google.android.apps.mytracks;com.google.android.apps.mytracks.AbstractMyTracksActivity;8;6;1;8;20;28;1;3
com.google.android.apps.mytracks.io.sendtogoogle;com.google.android.apps.mytracks.io.sendtogoogle.AbstractSendActivity$1;2;1;1;4;6;0;1;1
com.google.android.apps.mytracks.fragments;com.google.android.apps.mytracks.fragments.StatsFragment$4;2;1;1;4;10;0;1;1
com.google.android.apps.mytracks.fragments;com.google.android.apps.mytracks.fragments.StatsFragment$3;2;1;1;6;6;0;1;1
com.google.android.apps.mytracks.fragments;com.google.android.apps.mytracks.fragments.StatsFragment$2;2;1;1;6;7;0;1;1
com.google.android.apps.mytracks.io.file.exporter;com.google.android.apps.mytracks.io.file.exporter.TcxTrackWriter$SportType;5;2;1;0;8;6;0;3
com.google.android.apps.mytracks.content;com.google.android.apps.mytracks.content.DataSource;5;1;1;6;12;0;1;5
com.google.android.apps.mytracks.fragments;com.google.android.apps.mytracks.fragments.StatsFragment$1;2;1;1;6;14;0;1;1
com.google.android.apps.mytracks.fragments;com.google.android.apps.mytracks.fragments.ChooseActivityDialogFragment;7;4;1;22;46;9;1;3
com.google.android.apps.mytracks.io.backup;com.google.android.apps.mytracks.io.backup.PreferenceBackupHelper;7;1;1;5;59;15;1;5
com.google.android.apps.mytracks.settings;com.google.android.apps.mytracks.settings.RecordingSettingsActivity$1;2;1;1;3;6;0;1;1
com.google.android.apps.mytracks.content;com.google.android.apps.mytracks.content.SearchEngine$1;3;1;1;3;8;3;1;2
com.google.android.apps.mytracks.util;com.google.android.apps.mytracks.util.TrackUtils;3;1;1;8;21;3;1;1
com.google.android.apps.mytracks;com.google.android.apps.mytracks.TrackDetailActivity$2;3;1;1;6;14;0;1;1
com.google.android.apps.mytracks;com.google.android.apps.mytracks.MarkerDetailActivity$1;2;1;1;1;4;0;1;1
com.google.android.apps.mytracks;com.google.android.apps.mytracks.TrackDetailActivity$3;2;1;1;8;11;0;1;1
com.google.android.apps.mytracks;com.google.android.apps.mytracks.TrackDetailActivity$4;2;1;1;7;7;0;1;1
com.google.android.apps.mytracks.io.gdata;com.google.android.apps.mytracks.io.gdata.GDataClientFactory;3;1;1;5;8;1;1;1
com.google.android.apps.mytracks;com.google.android.apps.mytracks.TrackDetailActivity$5;2;1;1;1;4;0;1;1
com.google.android.apps.mytracks.fragments;com.google.android.apps.mytracks.fragments.EnableSyncDialogFragment$EnableSyncCaller;1;1;1;0;1;0;0;1
com.google.android.apps.mytracks.fragments;com.google.android.apps.mytracks.fragments.MyTracksMapFragment$9$1;2;1;1;2;6;0;1;1
com.google.android.apps.mytracks.fragments;com.google.android.apps.mytracks.fragments.ExportDialogFragment$ExportCaller;1;1;1;3;1;0;1;1
com.google.android.apps.mytracks;com.google.android.apps.mytracks.TrackDetailActivity$1;3;1;1;2;6;0;1;1
com.google.android.apps.mytracks.services;com.google.android.apps.mytracks.services.MyTracksLocationManager;20;1;1;19;39;144;1;7
com.google.android.apps.mytracks.content;com.google.android.apps.mytracks.content.DataSourceListener;4;1;1;0;4;6;0;4
com.google.android.apps.mytracks;com.google.android.apps.mytracks.TrackDetailActivity$1$1;2;1;1;10;17;0;1;1
com.google.android.apps.mytracks.util;com.google.android.apps.mytracks.util.UnitConversions;1;1;1;0;2;0;0;0
com.google.android.apps.mytracks.fragments;com.google.android.apps.mytracks.fragments.EnableSyncDialogFragment$1;2;1;1;4;5;0;1;1
com.google.android.apps.mytracks.fragments;com.google.android.apps.mytracks.fragments.EnableSyncDialogFragment$2;2;1;1;4;5;0;1;1
com.google.android.apps.mytracks.services.sensors;com.google.android.apps.mytracks.services.sensors.ZephyrSensorManager;1;3;1;4;3;0;1;1
com.google.android.apps.mytracks;com.google.android.apps.mytracks.SectionResourceCursorAdapter;11;4;1;8;26;33;1;9
com.google.android.apps.mytracks.stats;com.google.android.apps.mytracks.stats.DoubleBuffer;7;1;1;0;15;0;0;7
com.google.android.apps.mytracks.fragments;com.google.android.apps.mytracks.fragments.EulaDialogFragment$EulaCaller;1;1;1;0;1;0;0;1
com.google.android.apps.mytracks.util;com.google.android.apps.mytracks.util.UriUtils;3;1;1;1;10;3;1;2
com.google.android.apps.mytracks.fragments;com.google.android.apps.mytracks.fragments.FileTypeDialogFragment$FileTypeCaller;1;1;1;1;1;0;1;1
com.google.android.apps.mytracks.fragments;com.google.android.apps.mytracks.fragments.InstallEarthDialogFragment$1;2;1;1;9;10;0;1;1
com.google.android.apps.mytracks.fragments;com.google.android.apps.mytracks.fragments.EulaDialogFragment$2;2;1;1;4;3;1;1;1
com.google.android.apps.mytracks;com.google.android.apps.mytracks.HelpActivity;7;7;1;23;46;19;1;4
com.google.android.apps.mytracks.fragments;com.google.android.apps.mytracks.fragments.ConfirmDeleteDialogFragment$1;2;1;1;4;5;0;1;1
com.google.android.apps.mytracks.fragments;com.google.android.apps.mytracks.fragments.EulaDialogFragment$1;2;1;1;4;5;0;1;1
com.google.android.apps.mytracks.io.file.exporter;com.google.android.apps.mytracks.io.file.exporter.CsvTrackWriter;22;1;1;11;67;201;1;16
com.google.android.apps.mytracks;com.google.android.apps.mytracks.MarkerEditActivity;13;7;1;22;55;46;1;1
com.google.android.apps.mytracks.fragments;com.google.android.apps.mytracks.fragments.ConfirmSyncDialogFragment;5;4;1;13;27;4;1;3
com.google.android.apps.mytracks.fragments;com.google.android.apps.mytracks.fragments.EulaDialogFragment$3;2;1;1;7;7;0;1;1
com.google.android.apps.mytracks.fragments;com.google.android.apps.mytracks.fragments.ConfirmDeleteDialogFragment;5;4;1;11;24;8;1;3
com.google.android.apps.mytracks.io.sync;com.google.android.apps.mytracks.io.sync.SyncService;4;4;1;5;9;0;1;3
com.google.android.apps.mytracks.util;com.google.android.apps.mytracks.util.Api8Adapter;25;1;1;19;50;298;1;24
com.google.android.apps.mytracks.content;com.google.android.apps.mytracks.content.TrackDataListener$LocationState;4;2;1;0;7;4;0;2
com.google.android.apps.mytracks;com.google.android.apps.mytracks.SensorStateActivity;23;7;1;20;68;209;1;1
com.google.android.apps.mytracks;com.google.android.apps.mytracks.TabsAdapter$DummyTabFactory;2;1;1;3;6;0;1;2
com.google.android.apps.mytracks;com.google.android.apps.mytracks.TrackDetailActivity$2$1;2;1;1;6;11;0;1;1
com.google.android.apps.mytracks.services.sensors.ant;com.google.android.apps.mytracks.services.sensors.ant.SpeedDistanceChannelConfiguration;5;2;1;2;7;10;1;5
com.google.android.apps.mytracks.settings;com.google.android.apps.mytracks.settings.StatsSettingsActivity;5;8;1;9;15;10;1;1
com.google.android.apps.mytracks.util;com.google.android.apps.mytracks.util.Api10Adapter;3;3;1;5;8;1;1;2
com.google.android.apps.mytracks.content;com.google.android.apps.mytracks.content.MyTracksProvider$DatabaseHelper;4;2;1;6;12;6;1;4
com.google.android.apps.mytracks.util;com.google.android.apps.mytracks.util.StatsUtils;13;1;1;11;56;78;1;3
com.google.android.apps.mytracks.services.tasks;com.google.android.apps.mytracks.services.tasks.PeriodicTaskExecutor;10;1;1;7;24;0;1;6
com.google.android.apps.mytracks.util;com.google.android.apps.mytracks.util.LocationUtils;7;1;1;3;39;19;1;3
com.google.android.apps.mytracks.io.file.exporter;com.google.android.apps.mytracks.io.file.exporter.FileTrackExporter;6;1;1;14;45;1;1;2
com.google.android.apps.mytracks;com.google.android.apps.mytracks.SearchListActivity$1$1;2;1;1;3;6;0;1;1
com.google.android.apps.mytracks.fragments;com.google.android.apps.mytracks.fragments.MapLayerDialogFragment$1;2;1;1;8;8;0;1;1
com.google.android.apps.mytracks.util;com.google.android.apps.mytracks.util.DialogUtils$1;2;1;1;6;4;0;1;1
com.google.android.apps.mytracks.util;com.google.android.apps.mytracks.util.DialogUtils$2;2;1;1;6;4;0;1;1
com.google.android.apps.mytracks.fragments;com.google.android.apps.mytracks.fragments.ChooseActivityDialogFragment$DisplayInfo;5;1;1;3;6;2;1;1
com.google.android.apps.mytracks.fragments;com.google.android.apps.mytracks.fragments.ChooseActivityDialogFragment$ViewHolder;2;1;1;2;3;1;1;0
com.google.android.apps.mytracks.io.backup;com.google.android.apps.mytracks.io.backup.BackupPreferencesListener;2;1;1;4;5;0;1;2
com.google.android.apps.mytracks.fragments;com.google.android.apps.mytracks.fragments.ChooseAccountDialogFragment$1;2;1;1;4;5;0;1;1
com.google.android.apps.mytracks.io.gdata;com.google.android.apps.mytracks.io.gdata.AndroidGDataClient;13;1;1;22;70;76;1;10
com.google.android.apps.mytracks.fragments;com.google.android.apps.mytracks.fragments.DeleteMarkerDialogFragment;5;4;1;10;23;8;1;3
com.google.android.apps.mytracks.util;com.google.android.apps.mytracks.util.Api17Adapter;2;7;1;2;4;1;1;1
com.google.android.apps.mytracks.fragments;com.google.android.apps.mytracks.fragments.ChooseAccountDialogFragment$3;2;1;1;7;8;0;1;1
com.google.android.apps.mytracks.fragments;com.google.android.apps.mytracks.fragments.ChooseAccountDialogFragment$2;2;1;1;4;5;0;1;1
com.google.android.apps.mytracks.io.file.exporter;com.google.android.apps.mytracks.io.file.exporter.TrackWriter;15;1;1;3;15;105;1;15
com.google.android.apps.mytracks.services.tasks;com.google.android.apps.mytracks.services.tasks.SplitPeriodicTaskFactory;2;1;1;4;4;1;1;2
com.google.android.apps.mytracks.settings;com.google.android.apps.mytracks.settings.MapSettingsActivity$1;2;1;1;3;4;0;1;1
com.google.android.apps.mytracks.services.sensors.ant;com.google.android.apps.mytracks.services.sensors.ant.BikeCadenceChannelConfiguration;5;2;1;3;9;8;1;5
com.google.android.apps.mytracks.util;com.google.android.apps.mytracks.util.Api11Adapter;11;4;1;18;32;55;1;11
com.google.android.apps.mytracks.settings;com.google.android.apps.mytracks.settings.MapSettingsActivity$3;2;1;1;5;7;0;1;1
com.google.android.apps.mytracks.util;com.google.android.apps.mytracks.util.AccountUtils;3;1;1;7;12;3;1;2
com.google.android.apps.mytracks.settings;com.google.android.apps.mytracks.settings.MapSettingsActivity$2;2;1;1;5;6;0;1;1
com.google.android.apps.mytracks.fragments;com.google.android.apps.mytracks.fragments.EnableSyncDialogFragment;5;4;1;12;24;4;1;3
com.google.android.apps.mytracks.util;com.google.android.apps.mytracks.util.ChartURLGenerator;5;1;1;5;23;10;1;1
com.google.android.apps.mytracks;com.google.android.apps.mytracks.AbstractSendToGoogleActivity;27;7;1;33;81;229;1;5
com.google.android.apps.mytracks.maps;com.google.android.apps.mytracks.maps.DynamicSpeedTrackPathDescriptor$1;2;1;1;5;8;0;1;1
com.google.android.apps.mytracks.settings;com.google.android.apps.mytracks.settings.MapSettingsActivity$5;2;1;1;7;7;0;1;1
com.google.android.apps.mytracks.io.file.importer;com.google.android.apps.mytracks.io.file.importer.KmzTrackImporter;7;1;1;8;46;0;1;2
com.google.android.apps.mytracks.settings;com.google.android.apps.mytracks.settings.MapSettingsActivity$4;2;1;1;6;11;0;1;1
com.google.android.apps.mytracks.settings;com.google.android.apps.mytracks.settings.MapSettingsActivity$6;2;1;1;7;6;0;1;1
com.google.android.apps.mytracks.util;com.google.android.apps.mytracks.util.CalorieUtils$ActivityType;4;2;1;0;7;4;0;2
com.google.android.apps.mytracks;com.google.android.apps.mytracks.SearchListActivity$8;2;1;1;2;5;0;1;1
com.google.android.apps.mytracks.fragments;com.google.android.apps.mytracks.fragments.ShareTrackDialogFragment$ShareTrackCaller;1;1;1;1;1;0;1;1
com.google.android.apps.mytracks;com.google.android.apps.mytracks.SearchListActivity$7;2;1;1;2;5;0;1;1
com.google.android.apps.mytracks.util;com.google.android.apps.mytracks.util.ListItemUtils;6;1;1;15;51;15;1;2
com.google.android.apps.mytracks;com.google.android.apps.mytracks.SearchListActivity$6;2;1;1;4;7;0;1;1
com.google.android.apps.mytracks;com.google.android.apps.mytracks.SearchListActivity$5;3;1;1;5;7;0;1;1
com.google.android.apps.mytracks;com.google.android.apps.mytracks.SearchListActivity$4;2;3;1;8;11;0;1;1
com.google.android.apps.mytracks;com.google.android.apps.mytracks.SearchListActivity$3;2;1;1;8;9;0;1;1
com.google.android.apps.mytracks.services.sensors;com.google.android.apps.mytracks.services.sensors.SensorManager$1;3;2;1;3;12;1;1;1
com.google.android.apps.mytracks;com.google.android.apps.mytracks.SearchListActivity$2;3;1;1;7;15;0;1;2
com.google.android.apps.mytracks;com.google.android.apps.mytracks.SearchListActivity$1;3;1;1;6;14;0;1;1
com.google.android.apps.mytracks;com.google.android.apps.mytracks.SectionResourceCursorAdapter$ItemType;4;2;1;0;7;4;0;2
com.google.android.apps.mytracks.settings;com.google.android.apps.mytracks.settings.AdvancedSettingsActivity$4;2;1;1;4;5;0;1;1
com.google.android.apps.mytracks.widgets;com.google.android.apps.mytracks.widgets.TrackWidgetConfigActivity$1;2;1;1;9;16;0;1;1
com.google.android.apps.mytracks.settings;com.google.android.apps.mytracks.settings.AdvancedSettingsActivity$5;2;1;1;3;4;0;1;1
com.google.android.apps.mytracks.io.gdata;com.google.android.apps.mytracks.io.gdata.AndroidGDataClient$HttpRequestCreator;1;1;1;1;1;0;1;1
com.google.android.apps.mytracks.settings;com.google.android.apps.mytracks.settings.AdvancedSettingsActivity$2;2;1;1;3;5;0;1;1
com.google.android.apps.mytracks.services.tasks;com.google.android.apps.mytracks.services.tasks.AnnouncementPeriodicTaskFactory;2;1;1;4;4;1;1;2
com.google.android.apps.mytracks.settings;com.google.android.apps.mytracks.settings.AdvancedSettingsActivity$3;2;1;1;3;4;0;1;1
com.google.android.apps.mytracks.widgets;com.google.android.apps.mytracks.widgets.TrackWidgetConfigActivity$2;2;1;1;3;4;0;1;1
com.google.android.apps.mytracks.lib;com.google.android.apps.mytracks.lib.R;1;1;1;0;2;0;0;1
com.google.android.apps.mytracks.settings;com.google.android.apps.mytracks.settings.AdvancedSettingsActivity$6;3;2;1;7;13;0;1;1
com.google.android.apps.mytracks.fragments;com.google.android.apps.mytracks.fragments.PlayMultipleDialogFragment;8;4;1;18;46;22;1;3
com.google.android.apps.mytracks.settings;com.google.android.apps.mytracks.settings.AdvancedSettingsActivity$1;3;1;1;6;10;0;1;1
com.google.android.apps.mytracks.io.sync;com.google.android.apps.mytracks.io.sync.SyncAdapter;16;2;1;46;144;0;1;2
com.google.android.apps.mytracks.maps;com.google.android.apps.mytracks.maps.SingleColorTrackPath;3;1;1;8;13;1;1;3
com.google.android.apps.mytracks.content;com.google.android.apps.mytracks.content.TrackDataHub;50;1;1;29;118;1029;1;14
com.google.android.apps.mytracks.io.gdata.maps;com.google.android.apps.mytracks.io.gdata.maps.MapsGDataConverter;5;1;1;12;74;8;1;5
com.google.android.apps.mytracks.content;com.google.android.apps.mytracks.content.TrackDataType;4;2;1;0;7;4;0;2
com.google.android.apps.mytracks.services.sensors;com.google.android.apps.mytracks.services.sensors.MessageParser;4;1;1;1;4;6;1;4
com.google.android.apps.mytracks.services;com.google.android.apps.mytracks.services.AbsoluteLocationListenerPolicy;4;1;1;1;5;4;1;4
com.google.android.apps.mytracks.io.backup;com.google.android.apps.mytracks.io.backup.MyTracksBackupAgent;7;4;1;8;28;15;1;3
com.google.android.apps.mytracks.io.file.exporter;com.google.android.apps.mytracks.io.file.exporter.SaveActivity$1;2;1;1;4;6;0;1;1
com.google.android.apps.mytracks.lib;com.google.android.apps.mytracks.lib.R$string;1;1;1;0;2;0;0;1
com.google.android.apps.mytracks.services.sensors.ant;com.google.android.apps.mytracks.services.sensors.ant.CadenceCounter;4;1;1;1;15;0;1;2
com.google.android.apps.mytracks.io.file.exporter;com.google.android.apps.mytracks.io.file.exporter.SaveActivity$4;2;1;1;7;11;0;1;1
com.google.android.apps.mytracks.io.file.importer;com.google.android.apps.mytracks.io.file.importer.ImportActivity;13;5;1;26;66;52;1;6
com.google.android.apps.mytracks.io.file.exporter;com.google.android.apps.mytracks.io.file.exporter.SaveActivity$5;2;1;1;6;4;0;1;1
com.google.android.apps.mytracks.io.file.exporter;com.google.android.apps.mytracks.io.file.exporter.SaveActivity$2;2;1;1;3;5;0;1;1
com.google.android.apps.mytracks.io.file.exporter;com.google.android.apps.mytracks.io.file.exporter.SaveActivity$3;2;1;1;3;5;0;1;1
com.google.android.apps.mytracks;com.google.android.apps.mytracks.AbstractSendToGoogleActivity$1$1;2;1;1;2;5;0;1;1
com.google.android.apps.mytracks;com.google.android.apps.mytracks.AbstractSendToGoogleActivity$1$2;2;1;1;2;5;0;1;1
com.google.android.apps.mytracks.services;com.google.android.apps.mytracks.services.TrackRecordingService$2$1;2;1;1;3;5;0;1;1
com.google.android.apps.mytracks.services.sensors;com.google.android.apps.mytracks.services.sensors.BluetoothConnectionManager$ConnectedThread;3;2;1;7;26;0;1;3
com.google.android.apps.mytracks.io.sendtogoogle;com.google.android.apps.mytracks.io.sendtogoogle.SendToGoogleUtils;9;1;1;13;54;34;1;5
com.google.android.apps.mytracks.services.tasks;com.google.android.apps.mytracks.services.tasks.PeriodicTask;3;1;1;1;3;3;1;3
com.google.android.apps.mytracks;com.google.android.apps.mytracks.MapOverlay$1;2;1;1;7;11;0;1;1
com.google.android.apps.mytracks.settings;com.google.android.apps.mytracks.settings.AdvancedSettingsActivity$6$1;2;1;1;5;9;0;1;1
com.google.android.apps.mytracks.io.file.importer;com.google.android.apps.mytracks.io.file.importer.KmlFileTrackImporter;15;3;1;13;58;69;1;6
com.google.android.apps.mytracks.services.sensors;com.google.android.apps.mytracks.services.sensors.StrideReadings;4;1;1;0;13;0;0;3
com.google.android.apps.mytracks;com.google.android.apps.mytracks.TrackListActivity;50;8;1;75;173;1045;1;14
com.google.android.apps.mytracks;com.google.android.apps.mytracks.AbstractSendToGoogleActivity$1;3;1;1;9;12;0;1;1
com.google.android.apps.mytracks.util;com.google.android.apps.mytracks.util.SystemUtils;4;1;1;7;17;0;1;2
com.google.android.apps.mytracks.lib;com.google.android.apps.mytracks.lib.R$drawable;1;1;1;0;2;0;0;1
com.google.android.apps.mytracks.util;com.google.android.apps.mytracks.util.TrackIconUtils$1;2;3;1;9;12;0;1;1
com.google.android.apps.mytracks.io.file.exporter;com.google.android.apps.mytracks.io.file.exporter.TcxTrackWriter;19;1;1;14;65;65;1;16
com.google.android.apps.mytracks.services;com.google.android.apps.mytracks.services.TrackRecordingService;67;4;1;57;230;1609;1;11
com.google.android.apps.mytracks;com.google.android.apps.mytracks.TrackEditActivity$5;2;1;1;15;21;0;1;1
com.google.android.apps.mytracks.util;com.google.android.apps.mytracks.util.Api11Adapter$1;7;1;1;9;26;15;1;5
com.google.android.apps.mytracks.fragments;com.google.android.apps.mytracks.fragments.PlayMultipleDialogFragment$PlayMultipleCaller;1;1;1;0;1;0;0;1
com.google.android.apps.mytracks;com.google.android.apps.mytracks.TrackEditActivity$6;2;1;1;3;4;0;1;1
com.google.android.apps.mytracks.io.gdata.maps;com.google.android.apps.mytracks.io.gdata.maps.MapsFeatureMetadata;15;1;1;0;16;63;0;15
com.google.android.apps.mytracks.services.sensors;com.google.android.apps.mytracks.services.sensors.SensorManager;13;1;1;3;23;64;1;8
com.google.android.apps.mytracks.util;com.google.android.apps.mytracks.util.Api11Adapter$2;2;1;1;4;5;0;1;1
com.google.android.apps.mytracks.content;com.google.android.apps.mytracks.content.TrackDataHub$1;2;1;1;3;8;0;1;1
com.google.android.apps.mytracks.content;com.google.android.apps.mytracks.content.DataSourceManager$WaypointsTableObserver;2;2;1;4;6;0;1;2
com.google.android.apps.mytracks;com.google.android.apps.mytracks.ColoredPath;4;1;1;3;11;0;1;4
com.google.android.apps.mytracks;com.google.android.apps.mytracks.MapOverlay;15;1;1;17;59;49;1;8
com.google.android.apps.mytracks.content;com.google.android.apps.mytracks.content.TrackDataHub$5;2;1;1;2;4;0;1;1
com.google.android.apps.mytracks.content;com.google.android.apps.mytracks.content.TrackDataHub$4;2;1;1;4;8;0;1;1
com.google.android.apps.mytracks.content;com.google.android.apps.mytracks.content.TrackDataHub$3;2;1;1;4;9;0;1;1
com.google.android.apps.mytracks.content;com.google.android.apps.mytracks.content.TrackDataHub$2;2;1;1;2;11;0;1;1
com.google.android.apps.mytracks;com.google.android.apps.mytracks.TrackEditActivity;24;7;1;43;89;224;1;7
com.google.android.apps.mytracks.content;com.google.android.apps.mytracks.content.TrackDataHub$9;2;1;1;6;34;0;1;1
com.google.android.apps.mytracks.content;com.google.android.apps.mytracks.content.TrackDataHub$8;2;1;1;3;6;0;1;1
com.google.android.apps.mytracks.content;com.google.android.apps.mytracks.content.TrackDataHub$7;2;1;1;3;6;0;1;1
com.google.android.apps.mytracks.services.tasks;com.google.android.apps.mytracks.services.tasks.CheckPermissionAsyncTask$CheckPermissionCaller;1;1;1;1;1;0;1;1
com.google.android.apps.mytracks.content;com.google.android.apps.mytracks.content.TrackDataHub$6;2;1;1;3;6;0;1;1
com.google.android.apps.mytracks.maps;com.google.android.apps.mytracks.maps.TrackPathDescriptor;3;1;1;1;3;3;1;3
com.google.android.apps.mytracks.io.sendtogoogle;com.google.android.apps.mytracks.io.sendtogoogle.AbstractSendActivity;11;5;1;13;25;45;1;6
com.google.android.apps.mytracks;com.google.android.apps.mytracks.TrackEditActivity$1;2;1;1;8;8;0;1;1
com.google.android.apps.mytracks;com.google.android.apps.mytracks.TrackEditActivity$2;2;1;1;7;8;0;1;1
com.google.android.apps.mytracks.io.file.exporter;com.google.android.apps.mytracks.io.file.exporter.GpxTrackWriter;18;1;1;8;48;55;1;16
com.google.android.apps.mytracks;com.google.android.apps.mytracks.TrackEditActivity$3;2;1;1;8;10;0;1;1
com.google.android.apps.mytracks;com.google.android.apps.mytracks.TrackEditActivity$4;2;1;1;8;9;0;1;1
com.google.android.apps.mytracks;com.google.android.apps.mytracks.TrackListActivity$10;2;1;1;3;4;0;1;1
com.google.android.apps.mytracks.settings;com.google.android.apps.mytracks.settings.RecordingSettingsActivity;14;8;1;15;40;89;1;3
com.google.android.apps.mytracks.services.sensors;com.google.android.apps.mytracks.services.sensors.BluetoothSensorManager$2;2;1;1;1;6;0;1;1
com.google.android.apps.mytracks.services.sensors;com.google.android.apps.mytracks.services.sensors.BluetoothSensorManager$1;2;2;1;10;19;0;1;1
com.google.android.apps.mytracks.io.fusiontables;com.google.android.apps.mytracks.io.fusiontables.SendFusionTablesUtils;8;1;1;4;32;26;1;4
com.google.android.apps.mytracks;com.google.android.apps.mytracks.MapOverlay$CachedLocation;6;1;1;3;13;0;1;5
com.google.android.apps.mytracks.io.gdata.maps;com.google.android.apps.mytracks.io.gdata.maps.MapsClient;7;0;1;3;19;21;1;7
com.google.android.apps.mytracks.fragments;com.google.android.apps.mytracks.fragments.ChooseActivityTypeDialogFragment$2;2;1;1;12;11;0;1;1
com.google.android.apps.mytracks.fragments;com.google.android.apps.mytracks.fragments.ChooseActivityTypeDialogFragment$3;2;1;1;7;8;0;1;1
com.google.android.apps.mytracks.io.gdata;com.google.android.apps.mytracks.io.gdata.QueryParamsImpl;5;0;1;2;29;0;1;5
com.google.android.apps.mytracks.io.drive;com.google.android.apps.mytracks.io.drive.SendDriveAsyncTask;6;3;1;26;49;7;1;1
com.google.android.apps.mytracks.fragments;com.google.android.apps.mytracks.fragments.ChooseActivityTypeDialogFragment$1;2;1;1;10;12;0;1;1
com.google.android.apps.mytracks.fragments;com.google.android.apps.mytracks.fragments.EulaDialogFragment;8;4;1;24;48;22;1;5
com.google.android.apps.mytracks.maps;com.google.android.apps.mytracks.maps.TrackPathFactory;2;1;1;7;9;1;1;1
com.google.android.apps.mytracks.services.sensors.ant;com.google.android.apps.mytracks.services.sensors.ant.HeartRateChannelConfiguration;5;2;1;2;7;10;1;5
com.google.android.apps.mytracks.io.file.importer;com.google.android.apps.mytracks.io.file.importer.TrackImporter;1;1;1;0;1;0;0;1
com.google.android.apps.mytracks.io.gdata.maps;com.google.android.apps.mytracks.io.gdata.maps.MapsMapMetadata;9;1;1;0;10;12;0;9
